{"request_id":"07990f5b95e94fe3bda5cca884ea6463","status":"step","done":false,"winner":-1,"reward0":0.0,"reward1":0.0,"agent0":{"selfPosition":{"x":1.7102336883544922,"y":0.0},"selfVelocity":{"x":1.4821640253067017,"y":0.0},"opponentPosition":{"x":2.505115032196045,"y":0.0},"opponentVelocity":{"x":1.4821640253067017,"y":0.0},"pushReady":false},"agent1":{"selfPosition":{"x":2.505115032196045,"y":0.0},"selfVelocity":{"x":1.4821640253067017,"y":0.0},"opponentPosition":{"x":1.7102336883544922,"y":0.0},"opponentVelocity":{"x":1.4821640253067017,"y":0.0},"pushReady":true}}