{"request_id":"143341b77d534334a512f2ae97d79263","status":"step","done":false,"winner":-1,"reward0":0.0,"reward1":0.0,"agent0":{"selfPosition":{"x":1.3618407249450684,"y":0.0},"selfVelocity":{"x":2.070021152496338,"y":0.0},"opponentPosition":{"x":2.1557364463806154,"y":0.0},"opponentVelocity":{"x":2.070021152496338,"y":0.0},"pushReady":false},"agent1":{"selfPosition":{"x":2.1557364463806154,"y":0.0},"selfVelocity":{"x":2.070021152496338,"y":0.0},"opponentPosition":{"x":1.3618407249450684,"y":0.0},"opponentVelocity":{"x":2.070021152496338,"y":0.0},"pushReady":true}}