{"request_id":"c20cc40f4afa4145bee7b59e7ea4462e","status":"step","done":false,"winner":-1,"reward0":0.0,"reward1":0.0,"agent0":{"selfPosition":{"x":1.550290584564209,"y":0.0},"selfVelocity":{"x":1.7484421730041505,"y":0.0},"opponentPosition":{"x":2.344928741455078,"y":0.0},"opponentVelocity":{"x":1.7484421730041505,"y":0.0},"pushReady":false},"agent1":{"selfPosition":{"x":2.344928741455078,"y":0.0},"selfVelocity":{"x":1.7484421730041505,"y":0.0},"opponentPosition":{"x":1.550290584564209,"y":0.0},"opponentVelocity":{"x":1.7484421730041505,"y":0.0},"pushReady":true}}