{"request_id":"2df02c6a250a4117a968d75cbd466567","status":"step","done":false,"winner":-1,"reward0":0.0,"reward1":0.0,"agent0":{"selfPosition":{"x":0.8848047256469727,"y":0.0},"selfVelocity":{"x":2.9274072647094728,"y":0.0},"opponentPosition":{"x":1.6546913385391236,"y":0.0},"opponentVelocity":{"x":2.9274072647094728,"y":0.0},"pushReady":false},"agent1":{"selfPosition":{"x":1.6546913385391236,"y":0.0},"selfVelocity":{"x":2.9274072647094728,"y":0.0},"opponentPosition":{"x":0.8848047256469727,"y":0.0},"opponentVelocity":{"x":2.9274072647094728,"y":0.0},"pushReady":true}}