{"request_id":"99d4c09e79c443dbbd4ce5882ff98792","status":"step","done":false,"winner":-1,"reward0":0.0,"reward1":0.0,"agent0":{"selfPosition":{"x":1.139424204826355,"y":0.0},"selfVelocity":{"x":2.458386182785034,"y":0.0},"opponentPosition":{"x":1.9310534000396729,"y":0.0},"opponentVelocity":{"x":2.458386182785034,"y":0.0},"pushReady":false},"agent1":{"selfPosition":{"x":1.9310534000396729,"y":0.0},"selfVelocity":{"x":2.458386182785034,"y":0.0},"opponentPosition":{"x":1.139424204826355,"y":0.0},"opponentVelocity":{"x":2.458386182785034,"y":0.0},"pushReady":true}}